{"cameraMode":{"drawMode":0,"name":"Shaded","section":"Shading Mode"},"sceneLighting":true,"audioPlay":false,"sceneViewState":{"showFog":true,"showMaterialUpdate":false,"showSkybox":true,"showFlares":true,"showImageEffects":true,"showParticleSystems":true},"in2DMode":false,"pivot":{"x":14.346293449401856,"y":1.1660665273666382,"z":-0.0012508630752563477},"rotation":{"x":0.113724485039711,"y":-0.027127312496304513,"z":0.0031047293450683357,"w":0.9931788444519043},"size":1.5904041528701783,"orthographic":false}