{"cameraMode":{"drawMode":0,"name":"Shaded","section":"Shading Mode"},"sceneLighting":false,"audioPlay":false,"sceneViewState":{"showFog":true,"showMaterialUpdate":false,"showSkybox":false,"showFlares":true,"showImageEffects":true,"showParticleSystems":true},"in2DMode":false,"pivot":{"x":1.0299999713897706,"y":1.0499999523162842,"z":0.0},"rotation":{"x":0.113724485039711,"y":-0.027127312496304513,"z":0.0031047293450683357,"w":0.9931788444519043},"size":1.0330126285552979,"orthographic":false}